amfi_code,tracking_error
120844,0.128095
125497,0.191564
101206,0.188911
149322,0.193719
100016,0.195404
